Participant Email,Event Title,Event Date
Justin.Perry@testDomain.com,Hashcode 2021,2021-02-25 12:00:00
Ann.Singh@testDomain.com,IEEE Day 2021,2021-10-05 12:00:00
Ann.Singh@testDomain.com,Intro to BME,2021-02-16 12:00:00
Janet.Cardenas@testDomain.com,IEEE Day 2021,2021-10-05 12:00:00
Janet.Cardenas@testDomain.com,Electric Motors,2021-04-27 12:00:00
Janet.Cardenas@testDomain.com,How to get published with IEEE,2021-03-21 12:00:00
Michael.Martinez@testDomain.com,Electric Motors,2021-04-27 12:00:00
Michael.Martinez@testDomain.com,How to get published with IEEE,2021-03-21 12:00:00
Michael.Martinez@testDomain.com,Intro to BME,2021-02-16 12:00:00
Victoria.Nelson@testDomain.com,IEEE Day 2021,2021-10-05 12:00:00
Victoria.Nelson@testDomain.com,Hashcode 2021,2021-02-25 12:00:00
Victoria.Nelson@testDomain.com,Electric Motors,2021-04-27 12:00:00
Mr..Michael@testDomain.com,Hashcode 2021,2021-02-25 12:00:00
Mr..Michael@testDomain.com,How to get published with IEEE,2021-03-21 12:00:00
Randy.Wilson@testDomain.com,Hashcode 2021,2021-02-25 12:00:00
Randy.Wilson@testDomain.com,Electric Motors,2021-04-27 12:00:00
Randy.Wilson@testDomain.com,How to get published with IEEE,2021-03-21 12:00:00
Barry.Sullivan@testDomain.com,How to get published with IEEE,2021-03-21 12:00:00
Barry.Sullivan@testDomain.com,Intro to BME,2021-02-16 12:00:00
Jason.Campbell@testDomain.com,IEEE Xtreme 15.0,2021-10-26 12:00:00
Jason.Campbell@testDomain.com,Electric Motors,2021-04-27 12:00:00
Jason.Campbell@testDomain.com,How to get published with IEEE,2021-03-21 12:00:00
Jason.Campbell@testDomain.com,Intro to BME,2021-02-16 12:00:00
Karen.Malone@testDomain.com,IEEE Day 2021,2021-10-05 12:00:00
Karen.Malone@testDomain.com,Hashcode 2021,2021-02-25 12:00:00
Karen.Malone@testDomain.com,How to get published with IEEE,2021-03-21 12:00:00
Jennifer.Neal@testDomain.com,IEEE Day 2021,2021-10-05 12:00:00
Jennifer.Neal@testDomain.com,IEEE Xtreme 15.0,2021-10-26 12:00:00
Jennifer.Neal@testDomain.com,How to get published with IEEE,2021-03-21 12:00:00
Jennifer.Neal@testDomain.com,Intro to BME,2021-02-16 12:00:00
Teresa.Holmes@testDomain.com,IEEE Xtreme 15.0,2021-10-26 12:00:00
Teresa.Holmes@testDomain.com,Intro to BME,2021-02-16 12:00:00
Carlos.Marquez@testDomain.com,IEEE Day 2021,2021-10-05 12:00:00
Carlos.Marquez@testDomain.com,Electric Motors,2021-04-27 12:00:00
Carlos.Marquez@testDomain.com,Intro to BME,2021-02-16 12:00:00
Richard.Brown@testDomain.com,IEEE Day 2021,2021-10-05 12:00:00
Richard.Brown@testDomain.com,Hashcode 2021,2021-02-25 12:00:00
Richard.Brown@testDomain.com,Electric Motors,2021-04-27 12:00:00
Richard.Brown@testDomain.com,How to get published with IEEE,2021-03-21 12:00:00
Deborah.Boyle@testDomain.com,IEEE Day 2021,2021-10-05 12:00:00
Deborah.Boyle@testDomain.com,Electric Motors,2021-04-27 12:00:00
Michael.Parker@testDomain.com,IEEE Day 2021,2021-10-05 12:00:00
Michael.Parker@testDomain.com,IEEE Xtreme 15.0,2021-10-26 12:00:00
Michael.Parker@testDomain.com,Hashcode 2021,2021-02-25 12:00:00
Michael.Parker@testDomain.com,Intro to BME,2021-02-16 12:00:00
Andrea.Mahoney@testDomain.com,How to get published with IEEE,2021-03-21 12:00:00
Daniel.Faulkner@testDomain.com,IEEE Day 2021,2021-10-05 12:00:00
Daniel.Faulkner@testDomain.com,How to get published with IEEE,2021-03-21 12:00:00
Daniel.Faulkner@testDomain.com,Intro to BME,2021-02-16 12:00:00
Alice.Green@testDomain.com,Electric Motors,2021-04-27 12:00:00
Daniel.Davis@testDomain.com,IEEE Day 2021,2021-10-05 12:00:00
Daniel.Davis@testDomain.com,IEEE Xtreme 15.0,2021-10-26 12:00:00
Daniel.Davis@testDomain.com,Hashcode 2021,2021-02-25 12:00:00
Daniel.Davis@testDomain.com,How to get published with IEEE,2021-03-21 12:00:00
Kara.Wright@testDomain.com,IEEE Xtreme 15.0,2021-10-26 12:00:00
Kara.Wright@testDomain.com,Hashcode 2021,2021-02-25 12:00:00
Kara.Wright@testDomain.com,Electric Motors,2021-04-27 12:00:00
John.Jones@testDomain.com,IEEE Xtreme 15.0,2021-10-26 12:00:00
Deborah.Hansen@testDomain.com,Hashcode 2021,2021-02-25 12:00:00
Deborah.Hansen@testDomain.com,Electric Motors,2021-04-27 12:00:00
Deborah.Hansen@testDomain.com,How to get published with IEEE,2021-03-21 12:00:00
Jane.Foster@testDomain.com,How to get published with IEEE,2021-03-21 12:00:00
Michael.Gordon@testDomain.com,Electric Motors,2021-04-27 12:00:00
Michael.Gordon@testDomain.com,How to get published with IEEE,2021-03-21 12:00:00
Michael.Gordon@testDomain.com,Intro to BME,2021-02-16 12:00:00
Jason.Johnson@testDomain.com,IEEE Day 2021,2021-10-05 12:00:00
Jason.Johnson@testDomain.com,Intro to BME,2021-02-16 12:00:00
Matthew.Torres@testDomain.com,Hashcode 2021,2021-02-25 12:00:00
Matthew.Torres@testDomain.com,How to get published with IEEE,2021-03-21 12:00:00
Wendy.Smith@testDomain.com,IEEE Day 2021,2021-10-05 12:00:00
Wendy.Smith@testDomain.com,How to get published with IEEE,2021-03-21 12:00:00
Wendy.Smith@testDomain.com,Intro to BME,2021-02-16 12:00:00
Allison.Brown@testDomain.com,Electric Motors,2021-04-27 12:00:00
Lindsay.Ferguson@testDomain.com,IEEE Day 2021,2021-10-05 12:00:00
Lindsay.Ferguson@testDomain.com,Electric Motors,2021-04-27 12:00:00
Lindsay.Ferguson@testDomain.com,Intro to BME,2021-02-16 12:00:00
Marcus.Frazier@testDomain.com,IEEE Day 2021,2021-10-05 12:00:00
Marcus.Frazier@testDomain.com,Hashcode 2021,2021-02-25 12:00:00
Stephanie.Vasquez@testDomain.com,Hashcode 2021,2021-02-25 12:00:00
Stephanie.Vasquez@testDomain.com,Electric Motors,2021-04-27 12:00:00
Travis.Myers@testDomain.com,IEEE Xtreme 15.0,2021-10-26 12:00:00
Travis.Myers@testDomain.com,Electric Motors,2021-04-27 12:00:00
Travis.Myers@testDomain.com,Intro to BME,2021-02-16 12:00:00
Theresa.Graves@testDomain.com,IEEE Xtreme 15.0,2021-10-26 12:00:00
Karen.Leonard@testDomain.com,IEEE Day 2021,2021-10-05 12:00:00
Karen.Leonard@testDomain.com,IEEE Xtreme 15.0,2021-10-26 12:00:00
Karen.Leonard@testDomain.com,Electric Motors,2021-04-27 12:00:00
Karen.Leonard@testDomain.com,How to get published with IEEE,2021-03-21 12:00:00
Steven.Clark@testDomain.com,Hashcode 2021,2021-02-25 12:00:00
Steven.Clark@testDomain.com,How to get published with IEEE,2021-03-21 12:00:00
Denise.Johnson@testDomain.com,IEEE Xtreme 15.0,2021-10-26 12:00:00
Erika.Frazier@testDomain.com,IEEE Day 2021,2021-10-05 12:00:00
Erika.Frazier@testDomain.com,IEEE Xtreme 15.0,2021-10-26 12:00:00
Erika.Frazier@testDomain.com,Hashcode 2021,2021-02-25 12:00:00
Erika.Frazier@testDomain.com,How to get published with IEEE,2021-03-21 12:00:00
Kevin.White@testDomain.com,IEEE Day 2021,2021-10-05 12:00:00
Kevin.White@testDomain.com,IEEE Xtreme 15.0,2021-10-26 12:00:00
Kevin.White@testDomain.com,Intro to BME,2021-02-16 12:00:00
Courtney.Moyer@testDomain.com,IEEE Xtreme 15.0,2021-10-26 12:00:00
Stephanie.Hopkins@testDomain.com,IEEE Day 2021,2021-10-05 12:00:00
Stephanie.Hopkins@testDomain.com,Hashcode 2021,2021-02-25 12:00:00
Stephanie.Hopkins@testDomain.com,Intro to BME,2021-02-16 12:00:00
George.Graham@testDomain.com,IEEE Day 2021,2021-10-05 12:00:00
George.Graham@testDomain.com,How to get published with IEEE,2021-03-21 12:00:00
George.Graham@testDomain.com,Intro to BME,2021-02-16 12:00:00
Sheryl.Vasquez@testDomain.com,IEEE Day 2021,2021-10-05 12:00:00
Kathryn.Allen@testDomain.com,IEEE Xtreme 15.0,2021-10-26 12:00:00
Kathryn.Allen@testDomain.com,Hashcode 2021,2021-02-25 12:00:00
Kathryn.Allen@testDomain.com,Electric Motors,2021-04-27 12:00:00
Kathryn.Allen@testDomain.com,How to get published with IEEE,2021-03-21 12:00:00
Andrea.Poole@testDomain.com,IEEE Xtreme 15.0,2021-10-26 12:00:00
Andrea.Poole@testDomain.com,Electric Motors,2021-04-27 12:00:00
Robert.Lane@testDomain.com,IEEE Xtreme 15.0,2021-10-26 12:00:00
Robert.Lane@testDomain.com,Hashcode 2021,2021-02-25 12:00:00
Robert.Lane@testDomain.com,How to get published with IEEE,2021-03-21 12:00:00
Robert.Lane@testDomain.com,Intro to BME,2021-02-16 12:00:00
Martin.Rowland@testDomain.com,IEEE Day 2021,2021-10-05 12:00:00
Martin.Rowland@testDomain.com,IEEE Xtreme 15.0,2021-10-26 12:00:00
Martin.Rowland@testDomain.com,Electric Motors,2021-04-27 12:00:00
Martin.Rowland@testDomain.com,How to get published with IEEE,2021-03-21 12:00:00
Martin.Rowland@testDomain.com,Intro to BME,2021-02-16 12:00:00
Sheri.Escobar@testDomain.com,How to get published with IEEE,2021-03-21 12:00:00
Monica.Smith@testDomain.com,IEEE Day 2021,2021-10-05 12:00:00
Monica.Smith@testDomain.com,Hashcode 2021,2021-02-25 12:00:00
Monica.Smith@testDomain.com,Intro to BME,2021-02-16 12:00:00
Susan.Nguyen@testDomain.com,Electric Motors,2021-04-27 12:00:00
Kelly.Reese@testDomain.com,Electric Motors,2021-04-27 12:00:00
Kelly.Reese@testDomain.com,How to get published with IEEE,2021-03-21 12:00:00
Kelly.Reese@testDomain.com,Intro to BME,2021-02-16 12:00:00
Mrs..Kristen@testDomain.com,Hashcode 2021,2021-02-25 12:00:00
Diane.Cook@testDomain.com,Intro to BME,2021-02-16 12:00:00
Pamela.Castillo@testDomain.com,IEEE Day 2021,2021-10-05 12:00:00
Pamela.Castillo@testDomain.com,IEEE Xtreme 15.0,2021-10-26 12:00:00
Thomas.Anderson@testDomain.com,Hashcode 2021,2021-02-25 12:00:00
Thomas.Anderson@testDomain.com,Electric Motors,2021-04-27 12:00:00
Charles.Merritt@testDomain.com,IEEE Day 2021,2021-10-05 12:00:00
Thomas.Reid@testDomain.com,Intro to BME,2021-02-16 12:00:00
Adam.Johnson@testDomain.com,IEEE Xtreme 15.0,2021-10-26 12:00:00
Adam.Johnson@testDomain.com,Hashcode 2021,2021-02-25 12:00:00
Adam.Johnson@testDomain.com,Electric Motors,2021-04-27 12:00:00
Adam.Johnson@testDomain.com,How to get published with IEEE,2021-03-21 12:00:00
Dana.Santos@testDomain.com,IEEE Xtreme 15.0,2021-10-26 12:00:00
Dana.Santos@testDomain.com,Hashcode 2021,2021-02-25 12:00:00
Dana.Santos@testDomain.com,Intro to BME,2021-02-16 12:00:00
Mike.Gray@testDomain.com,Hashcode 2021,2021-02-25 12:00:00
Ryan.Newman@testDomain.com,IEEE Day 2021,2021-10-05 12:00:00
Ryan.Newman@testDomain.com,Hashcode 2021,2021-02-25 12:00:00
Ryan.Newman@testDomain.com,How to get published with IEEE,2021-03-21 12:00:00
Mrs..Amanda@testDomain.com,IEEE Day 2021,2021-10-05 12:00:00
Mrs..Amanda@testDomain.com,IEEE Xtreme 15.0,2021-10-26 12:00:00
Mrs..Amanda@testDomain.com,Electric Motors,2021-04-27 12:00:00
Mrs..Amanda@testDomain.com,How to get published with IEEE,2021-03-21 12:00:00
Crystal.Johnson@testDomain.com,IEEE Day 2021,2021-10-05 12:00:00
Crystal.Johnson@testDomain.com,Hashcode 2021,2021-02-25 12:00:00
Crystal.Johnson@testDomain.com,How to get published with IEEE,2021-03-21 12:00:00
Crystal.Johnson@testDomain.com,Intro to BME,2021-02-16 12:00:00
Susan.Meza@testDomain.com,IEEE Day 2021,2021-10-05 12:00:00
Susan.Meza@testDomain.com,Intro to BME,2021-02-16 12:00:00
Michael.Barajas@testDomain.com,IEEE Xtreme 15.0,2021-10-26 12:00:00
James.Duncan@testDomain.com,IEEE Xtreme 15.0,2021-10-26 12:00:00
James.Duncan@testDomain.com,Hashcode 2021,2021-02-25 12:00:00
James.Duncan@testDomain.com,Electric Motors,2021-04-27 12:00:00
Laura.Nguyen@testDomain.com,IEEE Xtreme 15.0,2021-10-26 12:00:00
Laura.Nguyen@testDomain.com,Hashcode 2021,2021-02-25 12:00:00
Laura.Nguyen@testDomain.com,Electric Motors,2021-04-27 12:00:00
Laura.Nguyen@testDomain.com,Intro to BME,2021-02-16 12:00:00
Paul.Medina@testDomain.com,IEEE Day 2021,2021-10-05 12:00:00
Scott.Wilkinson@testDomain.com,Electric Motors,2021-04-27 12:00:00
Kelly.Gay@testDomain.com,IEEE Xtreme 15.0,2021-10-26 12:00:00
John.Barnes@testDomain.com,IEEE Xtreme 15.0,2021-10-26 12:00:00
John.Barnes@testDomain.com,Electric Motors,2021-04-27 12:00:00
Haley.Mclean@testDomain.com,IEEE Xtreme 15.0,2021-10-26 12:00:00
Tracey.Bender@testDomain.com,Hashcode 2021,2021-02-25 12:00:00
Tracey.Bender@testDomain.com,How to get published with IEEE,2021-03-21 12:00:00
Jeremy.Carlson@testDomain.com,IEEE Xtreme 15.0,2021-10-26 12:00:00
Jeremy.Carlson@testDomain.com,Electric Motors,2021-04-27 12:00:00
Jeremy.Carlson@testDomain.com,Intro to BME,2021-02-16 12:00:00
Brianna.Strong@testDomain.com,IEEE Day 2021,2021-10-05 12:00:00
Brianna.Strong@testDomain.com,Hashcode 2021,2021-02-25 12:00:00
Brianna.Strong@testDomain.com,Electric Motors,2021-04-27 12:00:00
Melissa.Norton@testDomain.com,IEEE Day 2021,2021-10-05 12:00:00
Melissa.Norton@testDomain.com,Electric Motors,2021-04-27 12:00:00
Melissa.Norton@testDomain.com,Intro to BME,2021-02-16 12:00:00
Vanessa.Butler@testDomain.com,IEEE Day 2021,2021-10-05 12:00:00
Vanessa.Butler@testDomain.com,IEEE Xtreme 15.0,2021-10-26 12:00:00
Vanessa.Butler@testDomain.com,How to get published with IEEE,2021-03-21 12:00:00
Robert.Downs@testDomain.com,IEEE Xtreme 15.0,2021-10-26 12:00:00
Robert.Downs@testDomain.com,Hashcode 2021,2021-02-25 12:00:00
Robert.Downs@testDomain.com,Intro to BME,2021-02-16 12:00:00
Kyle.Shelton@testDomain.com,How to get published with IEEE,2021-03-21 12:00:00
Kyle.Shelton@testDomain.com,Intro to BME,2021-02-16 12:00:00
Christina.Sandoval@testDomain.com,IEEE Xtreme 15.0,2021-10-26 12:00:00
Christina.Sandoval@testDomain.com,Hashcode 2021,2021-02-25 12:00:00
Christina.Sandoval@testDomain.com,Electric Motors,2021-04-27 12:00:00
Christina.Sandoval@testDomain.com,Intro to BME,2021-02-16 12:00:00
Andrea.Brewer@testDomain.com,IEEE Day 2021,2021-10-05 12:00:00
Andrea.Brewer@testDomain.com,IEEE Xtreme 15.0,2021-10-26 12:00:00
Phillip.Lara@testDomain.com,IEEE Day 2021,2021-10-05 12:00:00
Phillip.Lara@testDomain.com,IEEE Xtreme 15.0,2021-10-26 12:00:00
Phillip.Lara@testDomain.com,Electric Motors,2021-04-27 12:00:00
Phillip.Lara@testDomain.com,How to get published with IEEE,2021-03-21 12:00:00
Steven.Roach@testDomain.com,Intro to BME,2021-02-16 12:00:00
Gail.Vasquez@testDomain.com,Electric Motors,2021-04-27 12:00:00
Gail.Vasquez@testDomain.com,How to get published with IEEE,2021-03-21 12:00:00
Amber.Hardy@testDomain.com,IEEE Day 2021,2021-10-05 12:00:00
Amber.Hardy@testDomain.com,IEEE Xtreme 15.0,2021-10-26 12:00:00
Amber.Hardy@testDomain.com,Intro to BME,2021-02-16 12:00:00
Mr..Joe@testDomain.com,IEEE Day 2021,2021-10-05 12:00:00
Mr..Joe@testDomain.com,Electric Motors,2021-04-27 12:00:00
Mr..Joe@testDomain.com,Intro to BME,2021-02-16 12:00:00
Holly.Hoover@testDomain.com,IEEE Day 2021,2021-10-05 12:00:00
Holly.Hoover@testDomain.com,IEEE Xtreme 15.0,2021-10-26 12:00:00
Holly.Hoover@testDomain.com,Hashcode 2021,2021-02-25 12:00:00
Holly.Hoover@testDomain.com,Intro to BME,2021-02-16 12:00:00
Paul.Rivera@testDomain.com,IEEE Xtreme 15.0,2021-10-26 12:00:00
Paul.Rivera@testDomain.com,Hashcode 2021,2021-02-25 12:00:00
Paul.Rivera@testDomain.com,Electric Motors,2021-04-27 12:00:00
Zachary.Ray@testDomain.com,Hashcode 2021,2021-02-25 12:00:00
James.Horton@testDomain.com,IEEE Xtreme 15.0,2021-10-26 12:00:00
James.Horton@testDomain.com,Electric Motors,2021-04-27 12:00:00
James.Horton@testDomain.com,How to get published with IEEE,2021-03-21 12:00:00
James.Horton@testDomain.com,Intro to BME,2021-02-16 12:00:00
Joseph.Taylor@testDomain.com,Hashcode 2021,2021-02-25 12:00:00
Joseph.Taylor@testDomain.com,Intro to BME,2021-02-16 12:00:00
Briana.Adkins@testDomain.com,IEEE Xtreme 15.0,2021-10-26 12:00:00
Briana.Adkins@testDomain.com,How to get published with IEEE,2021-03-21 12:00:00
Lorraine.Reynolds@testDomain.com,How to get published with IEEE,2021-03-21 12:00:00
Lorraine.Reynolds@testDomain.com,Intro to BME,2021-02-16 12:00:00
Samantha.Coleman@testDomain.com,IEEE Day 2021,2021-10-05 12:00:00
Samantha.Coleman@testDomain.com,How to get published with IEEE,2021-03-21 12:00:00
Melanie.Joseph@testDomain.com,Hashcode 2021,2021-02-25 12:00:00
Alexandria.Wade@testDomain.com,IEEE Day 2021,2021-10-05 12:00:00
Alexandria.Wade@testDomain.com,Electric Motors,2021-04-27 12:00:00
Alexandria.Wade@testDomain.com,How to get published with IEEE,2021-03-21 12:00:00
Catherine.Willis@testDomain.com,IEEE Xtreme 15.0,2021-10-26 12:00:00
Catherine.Willis@testDomain.com,Electric Motors,2021-04-27 12:00:00
Catherine.Willis@testDomain.com,How to get published with IEEE,2021-03-21 12:00:00
Kaitlin.Mclaughlin@testDomain.com,Electric Motors,2021-04-27 12:00:00
Kaitlin.Mclaughlin@testDomain.com,Intro to BME,2021-02-16 12:00:00
Andrew.Smith@testDomain.com,Electric Motors,2021-04-27 12:00:00
Andrew.Smith@testDomain.com,Intro to BME,2021-02-16 12:00:00
Dakota.Cross@testDomain.com,IEEE Xtreme 15.0,2021-10-26 12:00:00
Lindsey.Williams@testDomain.com,IEEE Xtreme 15.0,2021-10-26 12:00:00
Lindsey.Williams@testDomain.com,Electric Motors,2021-04-27 12:00:00
Lindsey.Williams@testDomain.com,How to get published with IEEE,2021-03-21 12:00:00
Lindsey.Williams@testDomain.com,Intro to BME,2021-02-16 12:00:00
Joseph.Huynh@testDomain.com,IEEE Day 2021,2021-10-05 12:00:00
Joseph.Huynh@testDomain.com,IEEE Xtreme 15.0,2021-10-26 12:00:00
Joseph.Huynh@testDomain.com,Intro to BME,2021-02-16 12:00:00
Bruce.Obrien@testDomain.com,IEEE Day 2021,2021-10-05 12:00:00
Bruce.Obrien@testDomain.com,Electric Motors,2021-04-27 12:00:00
Bruce.Obrien@testDomain.com,Intro to BME,2021-02-16 12:00:00
Kevin.Graham@testDomain.com,Electric Motors,2021-04-27 12:00:00
Kevin.Graham@testDomain.com,How to get published with IEEE,2021-03-21 12:00:00
Kevin.Graham@testDomain.com,Intro to BME,2021-02-16 12:00:00
James.Morales@testDomain.com,IEEE Day 2021,2021-10-05 12:00:00
Dr..Kimberly@testDomain.com,How to get published with IEEE,2021-03-21 12:00:00
Taylor.Hutchinson@testDomain.com,IEEE Day 2021,2021-10-05 12:00:00
Joseph.Miller@testDomain.com,How to get published with IEEE,2021-03-21 12:00:00
Brianna.Flynn@testDomain.com,IEEE Xtreme 15.0,2021-10-26 12:00:00
Brianna.Flynn@testDomain.com,How to get published with IEEE,2021-03-21 12:00:00
Brianna.Flynn@testDomain.com,Intro to BME,2021-02-16 12:00:00
Mr..Michael@testDomain.com,IEEE Day 2021,2021-10-05 12:00:00
Mr..Michael@testDomain.com,IEEE Xtreme 15.0,2021-10-26 12:00:00
Mr..Michael@testDomain.com,Hashcode 2021,2021-02-25 12:00:00
Mr..Michael@testDomain.com,How to get published with IEEE,2021-03-21 12:00:00
Morgan.White@testDomain.com,Electric Motors,2021-04-27 12:00:00
Eric.Singh@testDomain.com,IEEE Xtreme 15.0,2021-10-26 12:00:00
Eric.Singh@testDomain.com,How to get published with IEEE,2021-03-21 12:00:00
Peter.Patterson@testDomain.com,IEEE Day 2021,2021-10-05 12:00:00
Peter.Patterson@testDomain.com,Hashcode 2021,2021-02-25 12:00:00
Peter.Patterson@testDomain.com,Electric Motors,2021-04-27 12:00:00
Peter.Patterson@testDomain.com,Intro to BME,2021-02-16 12:00:00
Alexis.Mayo@testDomain.com,IEEE Day 2021,2021-10-05 12:00:00
Alexis.Mayo@testDomain.com,How to get published with IEEE,2021-03-21 12:00:00
Alexis.Mayo@testDomain.com,Intro to BME,2021-02-16 12:00:00
Logan.Waller@testDomain.com,IEEE Xtreme 15.0,2021-10-26 12:00:00
Logan.Waller@testDomain.com,Hashcode 2021,2021-02-25 12:00:00
Daniel.Johnson@testDomain.com,IEEE Day 2021,2021-10-05 12:00:00
Daniel.Johnson@testDomain.com,How to get published with IEEE,2021-03-21 12:00:00
Daniel.Johnson@testDomain.com,Intro to BME,2021-02-16 12:00:00
Patricia.Bryant@testDomain.com,Intro to BME,2021-02-16 12:00:00
Mark.Villa@testDomain.com,Hashcode 2021,2021-02-25 12:00:00
Mark.Villa@testDomain.com,Electric Motors,2021-04-27 12:00:00
Mark.Villa@testDomain.com,How to get published with IEEE,2021-03-21 12:00:00
Kara.Ferguson@testDomain.com,IEEE Day 2021,2021-10-05 12:00:00
Kara.Ferguson@testDomain.com,Electric Motors,2021-04-27 12:00:00
Madison.Moore@testDomain.com,IEEE Day 2021,2021-10-05 12:00:00
Madison.Moore@testDomain.com,Hashcode 2021,2021-02-25 12:00:00
Madison.Moore@testDomain.com,Electric Motors,2021-04-27 12:00:00
Madison.Moore@testDomain.com,How to get published with IEEE,2021-03-21 12:00:00
Jesus.Collins@testDomain.com,IEEE Xtreme 15.0,2021-10-26 12:00:00
Jesus.Collins@testDomain.com,Hashcode 2021,2021-02-25 12:00:00
Jesus.Collins@testDomain.com,Intro to BME,2021-02-16 12:00:00
Johnathan.Bentley@testDomain.com,IEEE Day 2021,2021-10-05 12:00:00
Johnathan.Bentley@testDomain.com,Hashcode 2021,2021-02-25 12:00:00
Victor.Torres@testDomain.com,How to get published with IEEE,2021-03-21 12:00:00
David.Williamson@testDomain.com,Hashcode 2021,2021-02-25 12:00:00
David.Williamson@testDomain.com,Electric Motors,2021-04-27 12:00:00
David.Williamson@testDomain.com,How to get published with IEEE,2021-03-21 12:00:00
David.Williamson@testDomain.com,Intro to BME,2021-02-16 12:00:00
Tanner.Morris@testDomain.com,IEEE Day 2021,2021-10-05 12:00:00
Tanner.Morris@testDomain.com,Hashcode 2021,2021-02-25 12:00:00
Tanner.Morris@testDomain.com,Electric Motors,2021-04-27 12:00:00
Curtis.Cervantes@testDomain.com,Hashcode 2021,2021-02-25 12:00:00
Curtis.Cervantes@testDomain.com,Electric Motors,2021-04-27 12:00:00
Curtis.Cervantes@testDomain.com,How to get published with IEEE,2021-03-21 12:00:00
Michael.Wu@testDomain.com,IEEE Day 2021,2021-10-05 12:00:00
Michael.Wu@testDomain.com,IEEE Xtreme 15.0,2021-10-26 12:00:00
Michael.Wu@testDomain.com,Electric Motors,2021-04-27 12:00:00
Gail.Lopez@testDomain.com,Electric Motors,2021-04-27 12:00:00
Gail.Lopez@testDomain.com,How to get published with IEEE,2021-03-21 12:00:00
Amanda.Potts@testDomain.com,IEEE Day 2021,2021-10-05 12:00:00
Amanda.Potts@testDomain.com,Hashcode 2021,2021-02-25 12:00:00
Amanda.Potts@testDomain.com,How to get published with IEEE,2021-03-21 12:00:00
Kelly.Sanders@testDomain.com,IEEE Day 2021,2021-10-05 12:00:00
Kelly.Sanders@testDomain.com,Electric Motors,2021-04-27 12:00:00
Kelly.Sanders@testDomain.com,Intro to BME,2021-02-16 12:00:00
Mary.Oconnor@testDomain.com,IEEE Xtreme 15.0,2021-10-26 12:00:00
Mary.Oconnor@testDomain.com,Hashcode 2021,2021-02-25 12:00:00
Mary.Oconnor@testDomain.com,How to get published with IEEE,2021-03-21 12:00:00
Mary.Oconnor@testDomain.com,Intro to BME,2021-02-16 12:00:00
Jeremy.Castillo@testDomain.com,IEEE Xtreme 15.0,2021-10-26 12:00:00
Jeremy.Castillo@testDomain.com,Hashcode 2021,2021-02-25 12:00:00
Jeremy.Castillo@testDomain.com,How to get published with IEEE,2021-03-21 12:00:00
Rhonda.Jones@testDomain.com,IEEE Day 2021,2021-10-05 12:00:00
Rhonda.Jones@testDomain.com,Hashcode 2021,2021-02-25 12:00:00
Rhonda.Jones@testDomain.com,How to get published with IEEE,2021-03-21 12:00:00
Hailey.Brown@testDomain.com,Intro to BME,2021-02-16 12:00:00
Chad.Robinson@testDomain.com,IEEE Day 2021,2021-10-05 12:00:00
Chad.Robinson@testDomain.com,IEEE Xtreme 15.0,2021-10-26 12:00:00
Chad.Robinson@testDomain.com,How to get published with IEEE,2021-03-21 12:00:00
Kenneth.Perez@testDomain.com,IEEE Day 2021,2021-10-05 12:00:00
Kenneth.Perez@testDomain.com,Hashcode 2021,2021-02-25 12:00:00
Yesenia.King@testDomain.com,IEEE Xtreme 15.0,2021-10-26 12:00:00
Thomas.Martinez@testDomain.com,Hashcode 2021,2021-02-25 12:00:00
Thomas.Martinez@testDomain.com,Intro to BME,2021-02-16 12:00:00
Daniel.Powell@testDomain.com,IEEE Day 2021,2021-10-05 12:00:00
Daniel.Powell@testDomain.com,IEEE Xtreme 15.0,2021-10-26 12:00:00
Daniel.Powell@testDomain.com,Electric Motors,2021-04-27 12:00:00
Daniel.Powell@testDomain.com,How to get published with IEEE,2021-03-21 12:00:00
Wendy.Marks@testDomain.com,IEEE Day 2021,2021-10-05 12:00:00
Mary.Gillespie@testDomain.com,IEEE Day 2021,2021-10-05 12:00:00
Mary.Gillespie@testDomain.com,How to get published with IEEE,2021-03-21 12:00:00
Mary.Gillespie@testDomain.com,Intro to BME,2021-02-16 12:00:00
Linda.Garrett@testDomain.com,IEEE Xtreme 15.0,2021-10-26 12:00:00
Linda.Garrett@testDomain.com,How to get published with IEEE,2021-03-21 12:00:00
Linda.Garrett@testDomain.com,Intro to BME,2021-02-16 12:00:00
John.Tanner@testDomain.com,IEEE Xtreme 15.0,2021-10-26 12:00:00
John.Tanner@testDomain.com,Hashcode 2021,2021-02-25 12:00:00
John.Tanner@testDomain.com,Electric Motors,2021-04-27 12:00:00
John.Tanner@testDomain.com,Intro to BME,2021-02-16 12:00:00
Stephen.Lopez@testDomain.com,IEEE Day 2021,2021-10-05 12:00:00
Stephen.Lopez@testDomain.com,Intro to BME,2021-02-16 12:00:00
Heather.Wilkerson@testDomain.com,IEEE Day 2021,2021-10-05 12:00:00
Heather.Wilkerson@testDomain.com,IEEE Xtreme 15.0,2021-10-26 12:00:00
Heather.Wilkerson@testDomain.com,Hashcode 2021,2021-02-25 12:00:00
Heather.Wilkerson@testDomain.com,Electric Motors,2021-04-27 12:00:00
Heather.Wilkerson@testDomain.com,How to get published with IEEE,2021-03-21 12:00:00
Steven.Bryant@testDomain.com,IEEE Day 2021,2021-10-05 12:00:00
Steven.Bryant@testDomain.com,Hashcode 2021,2021-02-25 12:00:00
Steven.Bryant@testDomain.com,How to get published with IEEE,2021-03-21 12:00:00
Steven.Bryant@testDomain.com,Intro to BME,2021-02-16 12:00:00
Andrew.Montgomery@testDomain.com,Hashcode 2021,2021-02-25 12:00:00
Andrew.Montgomery@testDomain.com,Electric Motors,2021-04-27 12:00:00
Ashley.Dean@testDomain.com,How to get published with IEEE,2021-03-21 12:00:00
Ashley.Dean@testDomain.com,Intro to BME,2021-02-16 12:00:00
Shannon.Fowler@testDomain.com,Hashcode 2021,2021-02-25 12:00:00
Breanna.Price@testDomain.com,Electric Motors,2021-04-27 12:00:00
Breanna.Price@testDomain.com,Intro to BME,2021-02-16 12:00:00
Luis.Flores@testDomain.com,IEEE Day 2021,2021-10-05 12:00:00
Ryan.Wilson@testDomain.com,IEEE Day 2021,2021-10-05 12:00:00
Ryan.Wilson@testDomain.com,IEEE Xtreme 15.0,2021-10-26 12:00:00
Ryan.Wilson@testDomain.com,Hashcode 2021,2021-02-25 12:00:00
Kimberly.Ruiz@testDomain.com,Hashcode 2021,2021-02-25 12:00:00
Kimberly.Ruiz@testDomain.com,Intro to BME,2021-02-16 12:00:00
Jessica.Schneider@testDomain.com,IEEE Xtreme 15.0,2021-10-26 12:00:00
Jessica.Schneider@testDomain.com,Electric Motors,2021-04-27 12:00:00
Jessica.Schneider@testDomain.com,How to get published with IEEE,2021-03-21 12:00:00
Dennis.Bryant@testDomain.com,Electric Motors,2021-04-27 12:00:00
Dennis.Bryant@testDomain.com,How to get published with IEEE,2021-03-21 12:00:00
Candice.Grant@testDomain.com,IEEE Day 2021,2021-10-05 12:00:00
Candice.Grant@testDomain.com,Electric Motors,2021-04-27 12:00:00
Candice.Grant@testDomain.com,How to get published with IEEE,2021-03-21 12:00:00
Candice.Grant@testDomain.com,Intro to BME,2021-02-16 12:00:00
Katelyn.Turner@testDomain.com,IEEE Xtreme 15.0,2021-10-26 12:00:00
Katelyn.Turner@testDomain.com,Hashcode 2021,2021-02-25 12:00:00
Katelyn.Turner@testDomain.com,Electric Motors,2021-04-27 12:00:00
Katelyn.Turner@testDomain.com,Intro to BME,2021-02-16 12:00:00
Joseph.Perez@testDomain.com,IEEE Xtreme 15.0,2021-10-26 12:00:00
Joseph.Perez@testDomain.com,Hashcode 2021,2021-02-25 12:00:00
Joseph.Perez@testDomain.com,How to get published with IEEE,2021-03-21 12:00:00
Robert.Hudson@testDomain.com,IEEE Xtreme 15.0,2021-10-26 12:00:00
Robert.Hudson@testDomain.com,Hashcode 2021,2021-02-25 12:00:00
Robert.Hudson@testDomain.com,How to get published with IEEE,2021-03-21 12:00:00
Robert.Hudson@testDomain.com,Intro to BME,2021-02-16 12:00:00
Richard.Lee@testDomain.com,Hashcode 2021,2021-02-25 12:00:00
Richard.Lee@testDomain.com,Electric Motors,2021-04-27 12:00:00
Ms..Jennifer@testDomain.com,IEEE Day 2021,2021-10-05 12:00:00
Jon.Martin@testDomain.com,Electric Motors,2021-04-27 12:00:00
Jon.Martin@testDomain.com,How to get published with IEEE,2021-03-21 12:00:00
Robert.Rocha@testDomain.com,IEEE Day 2021,2021-10-05 12:00:00
David.Anderson@testDomain.com,IEEE Xtreme 15.0,2021-10-26 12:00:00
David.Anderson@testDomain.com,Hashcode 2021,2021-02-25 12:00:00
David.Anderson@testDomain.com,How to get published with IEEE,2021-03-21 12:00:00
David.Anderson@testDomain.com,Intro to BME,2021-02-16 12:00:00
Jeffrey.Dixon@testDomain.com,IEEE Day 2021,2021-10-05 12:00:00
Jeffrey.Dixon@testDomain.com,Electric Motors,2021-04-27 12:00:00
Jeffrey.Dixon@testDomain.com,How to get published with IEEE,2021-03-21 12:00:00
Amanda.Robinson@testDomain.com,Hashcode 2021,2021-02-25 12:00:00
Amanda.Robinson@testDomain.com,Intro to BME,2021-02-16 12:00:00
Michael.Woods@testDomain.com,IEEE Day 2021,2021-10-05 12:00:00
Michael.Woods@testDomain.com,IEEE Xtreme 15.0,2021-10-26 12:00:00
Michael.Woods@testDomain.com,How to get published with IEEE,2021-03-21 12:00:00
Erik.Anderson@testDomain.com,IEEE Xtreme 15.0,2021-10-26 12:00:00
Erik.Anderson@testDomain.com,Intro to BME,2021-02-16 12:00:00
Rachel.Bell@testDomain.com,IEEE Day 2021,2021-10-05 12:00:00
Rachel.Bell@testDomain.com,Hashcode 2021,2021-02-25 12:00:00
Rachel.Bell@testDomain.com,How to get published with IEEE,2021-03-21 12:00:00
Teresa.Hernandez@testDomain.com,IEEE Day 2021,2021-10-05 12:00:00
Teresa.Hernandez@testDomain.com,How to get published with IEEE,2021-03-21 12:00:00
Abigail.Hudson@testDomain.com,IEEE Day 2021,2021-10-05 12:00:00
Abigail.Hudson@testDomain.com,Hashcode 2021,2021-02-25 12:00:00
Robert.Smith@testDomain.com,IEEE Day 2021,2021-10-05 12:00:00
Robert.Smith@testDomain.com,How to get published with IEEE,2021-03-21 12:00:00
Molly.Bailey@testDomain.com,IEEE Xtreme 15.0,2021-10-26 12:00:00
Molly.Bailey@testDomain.com,Hashcode 2021,2021-02-25 12:00:00
Molly.Bailey@testDomain.com,Electric Motors,2021-04-27 12:00:00
Ashley.Williams@testDomain.com,Electric Motors,2021-04-27 12:00:00
David.George@testDomain.com,IEEE Xtreme 15.0,2021-10-26 12:00:00
David.George@testDomain.com,Hashcode 2021,2021-02-25 12:00:00
David.George@testDomain.com,Electric Motors,2021-04-27 12:00:00
David.George@testDomain.com,Intro to BME,2021-02-16 12:00:00
Suzanne.Anderson@testDomain.com,Hashcode 2021,2021-02-25 12:00:00
Suzanne.Anderson@testDomain.com,Electric Motors,2021-04-27 12:00:00
Suzanne.Anderson@testDomain.com,How to get published with IEEE,2021-03-21 12:00:00
Suzanne.Anderson@testDomain.com,Intro to BME,2021-02-16 12:00:00
Derrick.Brown@testDomain.com,IEEE Day 2021,2021-10-05 12:00:00
Donna.Thomas@testDomain.com,IEEE Day 2021,2021-10-05 12:00:00
Donna.Thomas@testDomain.com,IEEE Xtreme 15.0,2021-10-26 12:00:00
Donna.Thomas@testDomain.com,How to get published with IEEE,2021-03-21 12:00:00
Heidi.Jones@testDomain.com,IEEE Xtreme 15.0,2021-10-26 12:00:00
Heidi.Jones@testDomain.com,How to get published with IEEE,2021-03-21 12:00:00
Lori.Wood@testDomain.com,IEEE Day 2021,2021-10-05 12:00:00
Lori.Wood@testDomain.com,IEEE Xtreme 15.0,2021-10-26 12:00:00
Lori.Wood@testDomain.com,Intro to BME,2021-02-16 12:00:00
Vincent.Garcia@testDomain.com,IEEE Day 2021,2021-10-05 12:00:00
Vincent.Garcia@testDomain.com,Intro to BME,2021-02-16 12:00:00
Anthony.Henry@testDomain.com,Intro to BME,2021-02-16 12:00:00
Timothy.Ramirez@testDomain.com,IEEE Xtreme 15.0,2021-10-26 12:00:00
Timothy.Ramirez@testDomain.com,How to get published with IEEE,2021-03-21 12:00:00
Timothy.Ramirez@testDomain.com,Intro to BME,2021-02-16 12:00:00
Elizabeth.Rojas@testDomain.com,IEEE Xtreme 15.0,2021-10-26 12:00:00
Stephanie.Dixon@testDomain.com,IEEE Day 2021,2021-10-05 12:00:00
Stephanie.Dixon@testDomain.com,IEEE Xtreme 15.0,2021-10-26 12:00:00
Stephanie.Dixon@testDomain.com,Hashcode 2021,2021-02-25 12:00:00
Stephanie.Dixon@testDomain.com,Intro to BME,2021-02-16 12:00:00
Roy.Ellis@testDomain.com,IEEE Day 2021,2021-10-05 12:00:00
Vincent.Rivera@testDomain.com,Electric Motors,2021-04-27 12:00:00
Vincent.Rivera@testDomain.com,How to get published with IEEE,2021-03-21 12:00:00
Joseph.Henderson@testDomain.com,IEEE Day 2021,2021-10-05 12:00:00
Joseph.Henderson@testDomain.com,IEEE Xtreme 15.0,2021-10-26 12:00:00
Joseph.Henderson@testDomain.com,Intro to BME,2021-02-16 12:00:00
Rhonda.Mcpherson@testDomain.com,How to get published with IEEE,2021-03-21 12:00:00
Rhonda.Mcpherson@testDomain.com,Intro to BME,2021-02-16 12:00:00
Michael.Bennett@testDomain.com,Hashcode 2021,2021-02-25 12:00:00
Michael.Bennett@testDomain.com,Electric Motors,2021-04-27 12:00:00
Lisa.Oneill@testDomain.com,IEEE Day 2021,2021-10-05 12:00:00
Lisa.Oneill@testDomain.com,Hashcode 2021,2021-02-25 12:00:00
Mike.Leonard@testDomain.com,IEEE Xtreme 15.0,2021-10-26 12:00:00
Mike.Leonard@testDomain.com,Hashcode 2021,2021-02-25 12:00:00
Mike.Leonard@testDomain.com,How to get published with IEEE,2021-03-21 12:00:00
Samantha.Miller@testDomain.com,IEEE Xtreme 15.0,2021-10-26 12:00:00
Anthony.Benson@testDomain.com,Hashcode 2021,2021-02-25 12:00:00
Anthony.Benson@testDomain.com,Electric Motors,2021-04-27 12:00:00
Anthony.Benson@testDomain.com,How to get published with IEEE,2021-03-21 12:00:00
Christopher.Cochran@testDomain.com,IEEE Day 2021,2021-10-05 12:00:00
Christopher.Cochran@testDomain.com,Hashcode 2021,2021-02-25 12:00:00
Brittany.Walter@testDomain.com,IEEE Xtreme 15.0,2021-10-26 12:00:00
Brittany.Walter@testDomain.com,How to get published with IEEE,2021-03-21 12:00:00
Michael.Jones@testDomain.com,Electric Motors,2021-04-27 12:00:00
Jennifer.Taylor@testDomain.com,IEEE Day 2021,2021-10-05 12:00:00
Jennifer.Taylor@testDomain.com,How to get published with IEEE,2021-03-21 12:00:00
Jennifer.Taylor@testDomain.com,Intro to BME,2021-02-16 12:00:00
Russell.Bailey@testDomain.com,Hashcode 2021,2021-02-25 12:00:00
Robin.Johnson@testDomain.com,IEEE Xtreme 15.0,2021-10-26 12:00:00
Robin.Johnson@testDomain.com,Hashcode 2021,2021-02-25 12:00:00
Cheryl.Romero@testDomain.com,IEEE Day 2021,2021-10-05 12:00:00
Cheryl.Romero@testDomain.com,IEEE Xtreme 15.0,2021-10-26 12:00:00
Cheryl.Romero@testDomain.com,Intro to BME,2021-02-16 12:00:00
Louis.Vasquez@testDomain.com,IEEE Day 2021,2021-10-05 12:00:00
Louis.Vasquez@testDomain.com,IEEE Xtreme 15.0,2021-10-26 12:00:00
Jennifer.Brown@testDomain.com,IEEE Day 2021,2021-10-05 12:00:00
Jennifer.Brown@testDomain.com,IEEE Xtreme 15.0,2021-10-26 12:00:00
Jennifer.Brown@testDomain.com,Electric Motors,2021-04-27 12:00:00
Samantha.Davenport@testDomain.com,Intro to BME,2021-02-16 12:00:00
Pamela.Ryan@testDomain.com,IEEE Xtreme 15.0,2021-10-26 12:00:00
Pamela.Ryan@testDomain.com,Hashcode 2021,2021-02-25 12:00:00
Pamela.Ryan@testDomain.com,Intro to BME,2021-02-16 12:00:00
Stephen.Dillon@testDomain.com,Electric Motors,2021-04-27 12:00:00
Stephen.Dillon@testDomain.com,How to get published with IEEE,2021-03-21 12:00:00
Stephen.Dillon@testDomain.com,Intro to BME,2021-02-16 12:00:00
Steven.Scott@testDomain.com,IEEE Day 2021,2021-10-05 12:00:00
Steven.Scott@testDomain.com,Electric Motors,2021-04-27 12:00:00
Steven.Scott@testDomain.com,How to get published with IEEE,2021-03-21 12:00:00
Steven.Scott@testDomain.com,Intro to BME,2021-02-16 12:00:00
Kevin.Gilmore@testDomain.com,IEEE Day 2021,2021-10-05 12:00:00
Kevin.Gilmore@testDomain.com,Electric Motors,2021-04-27 12:00:00
Maria.Nelson@testDomain.com,IEEE Day 2021,2021-10-05 12:00:00
Maria.Nelson@testDomain.com,Electric Motors,2021-04-27 12:00:00
Maria.Nelson@testDomain.com,Intro to BME,2021-02-16 12:00:00
Mrs..Kimberly@testDomain.com,IEEE Day 2021,2021-10-05 12:00:00
Mrs..Kimberly@testDomain.com,IEEE Xtreme 15.0,2021-10-26 12:00:00
Mrs..Kimberly@testDomain.com,Electric Motors,2021-04-27 12:00:00
Mrs..Kimberly@testDomain.com,Intro to BME,2021-02-16 12:00:00
Heather.Perez@testDomain.com,Electric Motors,2021-04-27 12:00:00
Heather.Perez@testDomain.com,How to get published with IEEE,2021-03-21 12:00:00
Heather.Perez@testDomain.com,Intro to BME,2021-02-16 12:00:00
Natasha.Carter@testDomain.com,IEEE Xtreme 15.0,2021-10-26 12:00:00
Natasha.Carter@testDomain.com,Intro to BME,2021-02-16 12:00:00
Cindy.Graham@testDomain.com,How to get published with IEEE,2021-03-21 12:00:00
Cindy.Graham@testDomain.com,Intro to BME,2021-02-16 12:00:00
Vincent.Gonzales@testDomain.com,IEEE Day 2021,2021-10-05 12:00:00
Vincent.Gonzales@testDomain.com,IEEE Xtreme 15.0,2021-10-26 12:00:00
Vincent.Gonzales@testDomain.com,Hashcode 2021,2021-02-25 12:00:00
Vincent.Gonzales@testDomain.com,How to get published with IEEE,2021-03-21 12:00:00
David.Adams@testDomain.com,Hashcode 2021,2021-02-25 12:00:00
Joshua.Turner@testDomain.com,IEEE Xtreme 15.0,2021-10-26 12:00:00
Joshua.Turner@testDomain.com,Hashcode 2021,2021-02-25 12:00:00
Katherine.Thomas@testDomain.com,IEEE Xtreme 15.0,2021-10-26 12:00:00
Katherine.Thomas@testDomain.com,Hashcode 2021,2021-02-25 12:00:00
Laura.Brown@testDomain.com,IEEE Day 2021,2021-10-05 12:00:00
Laura.Brown@testDomain.com,How to get published with IEEE,2021-03-21 12:00:00
Cassidy.Hill@testDomain.com,Hashcode 2021,2021-02-25 12:00:00
Timothy.Johnson@testDomain.com,How to get published with IEEE,2021-03-21 12:00:00
Timothy.Johnson@testDomain.com,Intro to BME,2021-02-16 12:00:00
Colton.Escobar@testDomain.com,IEEE Day 2021,2021-10-05 12:00:00
Colton.Escobar@testDomain.com,Hashcode 2021,2021-02-25 12:00:00
Gerald.Taylor@testDomain.com,IEEE Day 2021,2021-10-05 12:00:00
Gerald.Taylor@testDomain.com,Electric Motors,2021-04-27 12:00:00
Colleen.Smith@testDomain.com,IEEE Xtreme 15.0,2021-10-26 12:00:00
Colleen.Smith@testDomain.com,Hashcode 2021,2021-02-25 12:00:00
Colleen.Smith@testDomain.com,Electric Motors,2021-04-27 12:00:00
Colleen.Smith@testDomain.com,Intro to BME,2021-02-16 12:00:00
Stephanie.Roberts@testDomain.com,IEEE Day 2021,2021-10-05 12:00:00
Stephanie.Roberts@testDomain.com,IEEE Xtreme 15.0,2021-10-26 12:00:00
Wendy.Watson@testDomain.com,Intro to BME,2021-02-16 12:00:00
Emma.Orozco@testDomain.com,IEEE Day 2021,2021-10-05 12:00:00
Emma.Orozco@testDomain.com,Electric Motors,2021-04-27 12:00:00
Emma.Orozco@testDomain.com,How to get published with IEEE,2021-03-21 12:00:00
Emma.Orozco@testDomain.com,Intro to BME,2021-02-16 12:00:00
Emily.Decker@testDomain.com,IEEE Xtreme 15.0,2021-10-26 12:00:00
Emily.Decker@testDomain.com,Electric Motors,2021-04-27 12:00:00
Heather.Collins@testDomain.com,IEEE Xtreme 15.0,2021-10-26 12:00:00
Heather.Collins@testDomain.com,Electric Motors,2021-04-27 12:00:00
Heather.Collins@testDomain.com,Intro to BME,2021-02-16 12:00:00
Mary.Bryan@testDomain.com,IEEE Day 2021,2021-10-05 12:00:00
Mary.Bryan@testDomain.com,How to get published with IEEE,2021-03-21 12:00:00
Jonathan.Mitchell@testDomain.com,Hashcode 2021,2021-02-25 12:00:00
Jonathan.Mitchell@testDomain.com,How to get published with IEEE,2021-03-21 12:00:00
Jonathan.Mitchell@testDomain.com,Intro to BME,2021-02-16 12:00:00
Rachel.Mccormick@testDomain.com,IEEE Day 2021,2021-10-05 12:00:00
Rachel.Mccormick@testDomain.com,IEEE Xtreme 15.0,2021-10-26 12:00:00
Melissa.Pearson@testDomain.com,How to get published with IEEE,2021-03-21 12:00:00
Melissa.Pearson@testDomain.com,Intro to BME,2021-02-16 12:00:00
Amanda.Sanchez@testDomain.com,IEEE Day 2021,2021-10-05 12:00:00
Amanda.Sanchez@testDomain.com,IEEE Xtreme 15.0,2021-10-26 12:00:00
Amanda.Sanchez@testDomain.com,Electric Motors,2021-04-27 12:00:00
Amanda.Sanchez@testDomain.com,How to get published with IEEE,2021-03-21 12:00:00
Jason.Bradley@testDomain.com,Electric Motors,2021-04-27 12:00:00
Bryan.Branch@testDomain.com,IEEE Day 2021,2021-10-05 12:00:00
Elizabeth.Chambers@testDomain.com,IEEE Day 2021,2021-10-05 12:00:00
Ryan.Valentine@testDomain.com,IEEE Day 2021,2021-10-05 12:00:00
Ryan.Valentine@testDomain.com,IEEE Xtreme 15.0,2021-10-26 12:00:00
Ryan.Valentine@testDomain.com,Intro to BME,2021-02-16 12:00:00
Annette.Joyce@testDomain.com,IEEE Day 2021,2021-10-05 12:00:00
Annette.Joyce@testDomain.com,Hashcode 2021,2021-02-25 12:00:00
Annette.Joyce@testDomain.com,How to get published with IEEE,2021-03-21 12:00:00
Daniel.Hardy@testDomain.com,How to get published with IEEE,2021-03-21 12:00:00
Paul.Henderson@testDomain.com,IEEE Day 2021,2021-10-05 12:00:00
Paul.Henderson@testDomain.com,Hashcode 2021,2021-02-25 12:00:00
Paul.Henderson@testDomain.com,Electric Motors,2021-04-27 12:00:00
Paul.Henderson@testDomain.com,Intro to BME,2021-02-16 12:00:00
Kathleen.Ortiz@testDomain.com,IEEE Day 2021,2021-10-05 12:00:00
Juan.Rivera@testDomain.com,Hashcode 2021,2021-02-25 12:00:00
Juan.Rivera@testDomain.com,Intro to BME,2021-02-16 12:00:00
Mark.Maldonado@testDomain.com,Electric Motors,2021-04-27 12:00:00
Trevor.Warner@testDomain.com,IEEE Xtreme 15.0,2021-10-26 12:00:00
Trevor.Warner@testDomain.com,Hashcode 2021,2021-02-25 12:00:00
Larry.Smith@testDomain.com,Hashcode 2021,2021-02-25 12:00:00
Larry.Smith@testDomain.com,Electric Motors,2021-04-27 12:00:00
Larry.Smith@testDomain.com,How to get published with IEEE,2021-03-21 12:00:00
Eddie.Gonzalez@testDomain.com,IEEE Xtreme 15.0,2021-10-26 12:00:00
Eddie.Gonzalez@testDomain.com,Hashcode 2021,2021-02-25 12:00:00
Eddie.Gonzalez@testDomain.com,Intro to BME,2021-02-16 12:00:00
Meredith.Harmon@testDomain.com,IEEE Xtreme 15.0,2021-10-26 12:00:00
Meredith.Harmon@testDomain.com,Electric Motors,2021-04-27 12:00:00
Meredith.Harmon@testDomain.com,Intro to BME,2021-02-16 12:00:00
Christopher.Roberts@testDomain.com,IEEE Day 2021,2021-10-05 12:00:00
Christopher.Roberts@testDomain.com,Electric Motors,2021-04-27 12:00:00
Christopher.Roberts@testDomain.com,Intro to BME,2021-02-16 12:00:00
Jacob.Reynolds@testDomain.com,IEEE Day 2021,2021-10-05 12:00:00
Jacob.Reynolds@testDomain.com,IEEE Xtreme 15.0,2021-10-26 12:00:00
Jacob.Reynolds@testDomain.com,Intro to BME,2021-02-16 12:00:00
Amy.Cross@testDomain.com,Electric Motors,2021-04-27 12:00:00
Jeffrey.Thompson@testDomain.com,IEEE Day 2021,2021-10-05 12:00:00
Jeffrey.Thompson@testDomain.com,How to get published with IEEE,2021-03-21 12:00:00
Cheryl.Galloway@testDomain.com,Electric Motors,2021-04-27 12:00:00
Audrey.Anderson@testDomain.com,IEEE Day 2021,2021-10-05 12:00:00
Audrey.Anderson@testDomain.com,Hashcode 2021,2021-02-25 12:00:00
Audrey.Anderson@testDomain.com,How to get published with IEEE,2021-03-21 12:00:00
Michael.Vega@testDomain.com,Hashcode 2021,2021-02-25 12:00:00
Michael.Vega@testDomain.com,Electric Motors,2021-04-27 12:00:00
Michael.Vega@testDomain.com,Intro to BME,2021-02-16 12:00:00
April.Davis@testDomain.com,IEEE Day 2021,2021-10-05 12:00:00
April.Davis@testDomain.com,Hashcode 2021,2021-02-25 12:00:00
Brittany.Patel@testDomain.com,IEEE Day 2021,2021-10-05 12:00:00
Brittany.Patel@testDomain.com,How to get published with IEEE,2021-03-21 12:00:00
Brittany.Patel@testDomain.com,Intro to BME,2021-02-16 12:00:00
Michelle.Davis@testDomain.com,IEEE Day 2021,2021-10-05 12:00:00
Michelle.Davis@testDomain.com,Hashcode 2021,2021-02-25 12:00:00
Michelle.Davis@testDomain.com,Electric Motors,2021-04-27 12:00:00
Bonnie.Nelson@testDomain.com,IEEE Day 2021,2021-10-05 12:00:00
Bonnie.Nelson@testDomain.com,Electric Motors,2021-04-27 12:00:00
Kenneth.Pace@testDomain.com,IEEE Xtreme 15.0,2021-10-26 12:00:00
Kenneth.Pace@testDomain.com,Hashcode 2021,2021-02-25 12:00:00
Kenneth.Pace@testDomain.com,Electric Motors,2021-04-27 12:00:00
Tara.Clark@testDomain.com,IEEE Day 2021,2021-10-05 12:00:00
Christina.Guzman@testDomain.com,IEEE Day 2021,2021-10-05 12:00:00
Christina.Guzman@testDomain.com,Hashcode 2021,2021-02-25 12:00:00
Christina.Guzman@testDomain.com,How to get published with IEEE,2021-03-21 12:00:00
Amy.Thomas@testDomain.com,Electric Motors,2021-04-27 12:00:00
Amy.Thomas@testDomain.com,How to get published with IEEE,2021-03-21 12:00:00
Amy.Thomas@testDomain.com,Intro to BME,2021-02-16 12:00:00
Erin.Mason@testDomain.com,Hashcode 2021,2021-02-25 12:00:00
Erin.Mason@testDomain.com,Intro to BME,2021-02-16 12:00:00
Molly.Carter@testDomain.com,IEEE Day 2021,2021-10-05 12:00:00
Alexandra.Anderson@testDomain.com,Electric Motors,2021-04-27 12:00:00
Alexandra.Anderson@testDomain.com,How to get published with IEEE,2021-03-21 12:00:00
Alexandra.Anderson@testDomain.com,Intro to BME,2021-02-16 12:00:00
Paula.Ross@testDomain.com,IEEE Day 2021,2021-10-05 12:00:00
Paula.Ross@testDomain.com,IEEE Xtreme 15.0,2021-10-26 12:00:00
Paula.Ross@testDomain.com,Hashcode 2021,2021-02-25 12:00:00
Megan.Gibson@testDomain.com,IEEE Day 2021,2021-10-05 12:00:00
Megan.Gibson@testDomain.com,IEEE Xtreme 15.0,2021-10-26 12:00:00
Megan.Gibson@testDomain.com,Hashcode 2021,2021-02-25 12:00:00
Rachael.Davis@testDomain.com,IEEE Xtreme 15.0,2021-10-26 12:00:00
Rachael.Davis@testDomain.com,How to get published with IEEE,2021-03-21 12:00:00
Jamie.Flores@testDomain.com,IEEE Day 2021,2021-10-05 12:00:00
Jamie.Flores@testDomain.com,IEEE Xtreme 15.0,2021-10-26 12:00:00
Jamie.Flores@testDomain.com,Intro to BME,2021-02-16 12:00:00
Robert.Warner@testDomain.com,Hashcode 2021,2021-02-25 12:00:00
Brian.Turner@testDomain.com,Hashcode 2021,2021-02-25 12:00:00
Brian.Turner@testDomain.com,How to get published with IEEE,2021-03-21 12:00:00
Brian.Turner@testDomain.com,Intro to BME,2021-02-16 12:00:00
Marie.James@testDomain.com,Hashcode 2021,2021-02-25 12:00:00
Marie.James@testDomain.com,Electric Motors,2021-04-27 12:00:00
Marie.James@testDomain.com,How to get published with IEEE,2021-03-21 12:00:00
Caleb.Garrett@testDomain.com,IEEE Day 2021,2021-10-05 12:00:00
Caleb.Garrett@testDomain.com,Hashcode 2021,2021-02-25 12:00:00
Caleb.Garrett@testDomain.com,How to get published with IEEE,2021-03-21 12:00:00
Nicholas.Davenport@testDomain.com,Electric Motors,2021-04-27 12:00:00
Nicholas.Davenport@testDomain.com,Intro to BME,2021-02-16 12:00:00
Kim.Berry@testDomain.com,IEEE Xtreme 15.0,2021-10-26 12:00:00
Brandi.Weber@testDomain.com,IEEE Day 2021,2021-10-05 12:00:00
Brandi.Weber@testDomain.com,How to get published with IEEE,2021-03-21 12:00:00
Brandi.Weber@testDomain.com,Intro to BME,2021-02-16 12:00:00
Blake.Coleman@testDomain.com,IEEE Xtreme 15.0,2021-10-26 12:00:00
Blake.Coleman@testDomain.com,Hashcode 2021,2021-02-25 12:00:00
Blake.Coleman@testDomain.com,How to get published with IEEE,2021-03-21 12:00:00
Natasha.Weeks@testDomain.com,Electric Motors,2021-04-27 12:00:00
Keith.Parks@testDomain.com,IEEE Day 2021,2021-10-05 12:00:00
Keith.Parks@testDomain.com,IEEE Xtreme 15.0,2021-10-26 12:00:00
Keith.Parks@testDomain.com,How to get published with IEEE,2021-03-21 12:00:00
Brittney.Doyle@testDomain.com,IEEE Day 2021,2021-10-05 12:00:00
Brittney.Doyle@testDomain.com,IEEE Xtreme 15.0,2021-10-26 12:00:00
Brittney.Doyle@testDomain.com,Electric Motors,2021-04-27 12:00:00
Michael.Jacobson@testDomain.com,Hashcode 2021,2021-02-25 12:00:00
Michael.Jacobson@testDomain.com,Electric Motors,2021-04-27 12:00:00
Sergio.Hernandez@testDomain.com,Hashcode 2021,2021-02-25 12:00:00
Sergio.Hernandez@testDomain.com,Intro to BME,2021-02-16 12:00:00
Stephen.Rose@testDomain.com,IEEE Day 2021,2021-10-05 12:00:00
Stephen.Rose@testDomain.com,Electric Motors,2021-04-27 12:00:00
Wendy.White@testDomain.com,IEEE Xtreme 15.0,2021-10-26 12:00:00
Wendy.White@testDomain.com,Hashcode 2021,2021-02-25 12:00:00
Wendy.White@testDomain.com,Electric Motors,2021-04-27 12:00:00
Wendy.White@testDomain.com,Intro to BME,2021-02-16 12:00:00
Savannah.Suarez@testDomain.com,IEEE Day 2021,2021-10-05 12:00:00
Savannah.Suarez@testDomain.com,How to get published with IEEE,2021-03-21 12:00:00
Jacqueline.Sullivan@testDomain.com,Hashcode 2021,2021-02-25 12:00:00
Jacqueline.Sullivan@testDomain.com,Intro to BME,2021-02-16 12:00:00
Juan.Wiley@testDomain.com,IEEE Day 2021,2021-10-05 12:00:00
Juan.Wiley@testDomain.com,IEEE Xtreme 15.0,2021-10-26 12:00:00
Juan.Wiley@testDomain.com,How to get published with IEEE,2021-03-21 12:00:00
Juan.Wiley@testDomain.com,Intro to BME,2021-02-16 12:00:00
George.Parker@testDomain.com,How to get published with IEEE,2021-03-21 12:00:00
George.Parker@testDomain.com,Intro to BME,2021-02-16 12:00:00
Laura.Harvey@testDomain.com,Hashcode 2021,2021-02-25 12:00:00
Lori.Green@testDomain.com,IEEE Xtreme 15.0,2021-10-26 12:00:00
Lori.Green@testDomain.com,Hashcode 2021,2021-02-25 12:00:00
Lori.Green@testDomain.com,Electric Motors,2021-04-27 12:00:00
Lori.Green@testDomain.com,How to get published with IEEE,2021-03-21 12:00:00
Lawrence.Ellis@testDomain.com,IEEE Day 2021,2021-10-05 12:00:00
Lawrence.Ellis@testDomain.com,Hashcode 2021,2021-02-25 12:00:00
Lawrence.Ellis@testDomain.com,Electric Motors,2021-04-27 12:00:00
Lawrence.Ellis@testDomain.com,Intro to BME,2021-02-16 12:00:00
Shannon.Simpson@testDomain.com,IEEE Day 2021,2021-10-05 12:00:00
Shannon.Simpson@testDomain.com,IEEE Xtreme 15.0,2021-10-26 12:00:00
Shannon.Simpson@testDomain.com,Intro to BME,2021-02-16 12:00:00
Courtney.Fisher@testDomain.com,IEEE Day 2021,2021-10-05 12:00:00
Courtney.Fisher@testDomain.com,IEEE Xtreme 15.0,2021-10-26 12:00:00
Courtney.Fisher@testDomain.com,Hashcode 2021,2021-02-25 12:00:00
Courtney.Fisher@testDomain.com,Electric Motors,2021-04-27 12:00:00
Courtney.Fisher@testDomain.com,Intro to BME,2021-02-16 12:00:00
Robert.Knox@testDomain.com,How to get published with IEEE,2021-03-21 12:00:00
Alvin.Shelton@testDomain.com,IEEE Day 2021,2021-10-05 12:00:00
Alvin.Shelton@testDomain.com,Intro to BME,2021-02-16 12:00:00
Danielle.Freeman@testDomain.com,Hashcode 2021,2021-02-25 12:00:00
Danielle.Freeman@testDomain.com,Electric Motors,2021-04-27 12:00:00
Danielle.Freeman@testDomain.com,How to get published with IEEE,2021-03-21 12:00:00
Danielle.Freeman@testDomain.com,Intro to BME,2021-02-16 12:00:00
Robert.Becker@testDomain.com,IEEE Day 2021,2021-10-05 12:00:00
Robert.Becker@testDomain.com,How to get published with IEEE,2021-03-21 12:00:00
Nicole.Burns@testDomain.com,IEEE Xtreme 15.0,2021-10-26 12:00:00
Tommy.Thompson@testDomain.com,IEEE Day 2021,2021-10-05 12:00:00
Tommy.Thompson@testDomain.com,Hashcode 2021,2021-02-25 12:00:00
Tommy.Thompson@testDomain.com,How to get published with IEEE,2021-03-21 12:00:00
Tommy.Thompson@testDomain.com,Intro to BME,2021-02-16 12:00:00
Gabriela.Baker@testDomain.com,IEEE Day 2021,2021-10-05 12:00:00
Gabriela.Baker@testDomain.com,IEEE Xtreme 15.0,2021-10-26 12:00:00
Gabriela.Baker@testDomain.com,Hashcode 2021,2021-02-25 12:00:00
Gabriela.Baker@testDomain.com,Electric Motors,2021-04-27 12:00:00
Keith.Diaz@testDomain.com,IEEE Day 2021,2021-10-05 12:00:00
Keith.Diaz@testDomain.com,Electric Motors,2021-04-27 12:00:00
Keith.Diaz@testDomain.com,How to get published with IEEE,2021-03-21 12:00:00
Franklin.Morton@testDomain.com,IEEE Day 2021,2021-10-05 12:00:00
Franklin.Morton@testDomain.com,Electric Motors,2021-04-27 12:00:00
Franklin.Morton@testDomain.com,How to get published with IEEE,2021-03-21 12:00:00
Franklin.Morton@testDomain.com,Intro to BME,2021-02-16 12:00:00
Danny.Gibson@testDomain.com,IEEE Xtreme 15.0,2021-10-26 12:00:00
Danny.Gibson@testDomain.com,Hashcode 2021,2021-02-25 12:00:00
Danny.Gibson@testDomain.com,Electric Motors,2021-04-27 12:00:00
Victor.Hayes@testDomain.com,Hashcode 2021,2021-02-25 12:00:00
Victor.Hayes@testDomain.com,Electric Motors,2021-04-27 12:00:00
Victor.Hayes@testDomain.com,Intro to BME,2021-02-16 12:00:00
Kimberly.Lewis@testDomain.com,Intro to BME,2021-02-16 12:00:00
Christopher.West@testDomain.com,IEEE Day 2021,2021-10-05 12:00:00
Christopher.West@testDomain.com,IEEE Xtreme 15.0,2021-10-26 12:00:00
Christopher.West@testDomain.com,Hashcode 2021,2021-02-25 12:00:00
Christopher.West@testDomain.com,Intro to BME,2021-02-16 12:00:00
Tanner.Faulkner@testDomain.com,IEEE Xtreme 15.0,2021-10-26 12:00:00
Marissa.White@testDomain.com,IEEE Day 2021,2021-10-05 12:00:00
Marissa.White@testDomain.com,Hashcode 2021,2021-02-25 12:00:00
Marissa.White@testDomain.com,How to get published with IEEE,2021-03-21 12:00:00
Kevin.Townsend@testDomain.com,IEEE Day 2021,2021-10-05 12:00:00
Willie.Lee@testDomain.com,Hashcode 2021,2021-02-25 12:00:00
Kenneth.Graham@testDomain.com,IEEE Day 2021,2021-10-05 12:00:00
Charlotte.Steele@testDomain.com,Electric Motors,2021-04-27 12:00:00
Cynthia.Friedman@testDomain.com,Hashcode 2021,2021-02-25 12:00:00
Cynthia.Friedman@testDomain.com,Electric Motors,2021-04-27 12:00:00
Cynthia.Friedman@testDomain.com,How to get published with IEEE,2021-03-21 12:00:00
Melissa.Brown@testDomain.com,IEEE Day 2021,2021-10-05 12:00:00
Melissa.Brown@testDomain.com,How to get published with IEEE,2021-03-21 12:00:00
Jacob.Kelly@testDomain.com,How to get published with IEEE,2021-03-21 12:00:00
Jacob.Kelly@testDomain.com,Intro to BME,2021-02-16 12:00:00
Kim.Perry@testDomain.com,IEEE Day 2021,2021-10-05 12:00:00
Kim.Perry@testDomain.com,IEEE Xtreme 15.0,2021-10-26 12:00:00
Kim.Perry@testDomain.com,How to get published with IEEE,2021-03-21 12:00:00
Kim.Perry@testDomain.com,Intro to BME,2021-02-16 12:00:00
Wayne.Smith@testDomain.com,Hashcode 2021,2021-02-25 12:00:00
Wayne.Smith@testDomain.com,How to get published with IEEE,2021-03-21 12:00:00
Charlene.King@testDomain.com,IEEE Day 2021,2021-10-05 12:00:00
Cassidy.Davis@testDomain.com,How to get published with IEEE,2021-03-21 12:00:00
Samuel.Oconnor@testDomain.com,IEEE Day 2021,2021-10-05 12:00:00
Samuel.Oconnor@testDomain.com,IEEE Xtreme 15.0,2021-10-26 12:00:00
Samuel.Oconnor@testDomain.com,Hashcode 2021,2021-02-25 12:00:00
Samuel.Oconnor@testDomain.com,Electric Motors,2021-04-27 12:00:00
James.Brady@testDomain.com,IEEE Day 2021,2021-10-05 12:00:00
James.Brady@testDomain.com,Electric Motors,2021-04-27 12:00:00
James.Brady@testDomain.com,How to get published with IEEE,2021-03-21 12:00:00
Michelle.Herman@testDomain.com,IEEE Day 2021,2021-10-05 12:00:00
Michael.Thomas@testDomain.com,IEEE Day 2021,2021-10-05 12:00:00
Michael.Thomas@testDomain.com,IEEE Xtreme 15.0,2021-10-26 12:00:00
Michael.Thomas@testDomain.com,Electric Motors,2021-04-27 12:00:00
Kimberly.Osborn@testDomain.com,IEEE Xtreme 15.0,2021-10-26 12:00:00
Kimberly.Osborn@testDomain.com,How to get published with IEEE,2021-03-21 12:00:00
Garrett.Li@testDomain.com,IEEE Day 2021,2021-10-05 12:00:00
Garrett.Li@testDomain.com,Hashcode 2021,2021-02-25 12:00:00
Garrett.Li@testDomain.com,How to get published with IEEE,2021-03-21 12:00:00
Garrett.Li@testDomain.com,Intro to BME,2021-02-16 12:00:00
Brandy.Buchanan@testDomain.com,IEEE Day 2021,2021-10-05 12:00:00
Brandy.Buchanan@testDomain.com,IEEE Xtreme 15.0,2021-10-26 12:00:00
Brandy.Buchanan@testDomain.com,Electric Motors,2021-04-27 12:00:00
Brandy.Buchanan@testDomain.com,Intro to BME,2021-02-16 12:00:00
Shawn.Robinson@testDomain.com,Electric Motors,2021-04-27 12:00:00
Shawn.Robinson@testDomain.com,Intro to BME,2021-02-16 12:00:00
Michael.Hinton@testDomain.com,Hashcode 2021,2021-02-25 12:00:00
Michael.Hinton@testDomain.com,How to get published with IEEE,2021-03-21 12:00:00
Adam.Myers@testDomain.com,Hashcode 2021,2021-02-25 12:00:00
Adam.Myers@testDomain.com,How to get published with IEEE,2021-03-21 12:00:00
Catherine.Doyle@testDomain.com,IEEE Day 2021,2021-10-05 12:00:00
Catherine.Doyle@testDomain.com,Electric Motors,2021-04-27 12:00:00
Catherine.Doyle@testDomain.com,Intro to BME,2021-02-16 12:00:00
Cole.Conley@testDomain.com,Hashcode 2021,2021-02-25 12:00:00
Cole.Conley@testDomain.com,How to get published with IEEE,2021-03-21 12:00:00
Sydney.Lewis@testDomain.com,IEEE Day 2021,2021-10-05 12:00:00
Sydney.Lewis@testDomain.com,IEEE Xtreme 15.0,2021-10-26 12:00:00
Sydney.Lewis@testDomain.com,Intro to BME,2021-02-16 12:00:00
